sku;id_woocommerce;nom;categorie;a_fournir;prix;sur_devis
0201038700- 0201038580- 0201038990- 0201038810- 0201038150- 0201038940- 0201038950- 0201038970- 0201;;3m™ littmann® cardiology iv™(19);Équipement du domicile;photo;100.00;oui
0201038140- 0201038430- 0201038030- 0201038740- 0201038060- 0201038350- 0201038840- 0201038930- 0201;;3m™ littmann® cardiology iv™(19);Équipement du domicile;photo;100.00;oui
226610000;;ACCESSOIRE POUR OTOSCOPE À FIBRES OPTIQUES À LED JOLETI;Équipement du domicile;description;14.59;non
0319177001;;ACCESSOIRES POUR AED PLUS®;Équipement du domicile;description;89.09;non
0608007030;;ACCESSOIRES POUR SECA 336;Équipement du domicile;description;62.05;non
0226050000;;AMPOULE POUR E-SCOPE®;Centre de diagnostic & spéculums/Ampoules & piles;description;82.54;non
OPT-WC-41293;41293;Abacus 5;Automates Hématologie;photo;100.00;oui
OPT-WC-41298;41298;Abacus Junior 30;Automates Hématologie;photo;100.00;oui
0222064060- 0222065000;;Accessoire pour lampe stylo à led luxamed;Lampes de diagnostic;description;9.06;non
0215272000- 0215273000- 0215274000- 0215275000- 0215277000- 0215279000- 0215523000- 0215519000- 0215;;Accessoires & piéces détachées;Tensiomètre électroniques;photo;100.00;oui
0232086001;;Accessoires pour clinitek status®+;Équipement du domicile;description;100.00;oui
0307073000;;Accessoires pour doppler fœtal et vasculaire;Dopplers & ultrasons;description;100.00;oui
0232236000;;Accessoires pour edan dus60;Échographes;description;100.00;oui
0232042000;;Accessoires pour edan h100b;Oxymètres de pouls;description;100.00;oui
023224600;;Accessoires pour edan u50;Échographes;photo + description;100.00;oui
0215531000- 0215532000- 0215533000- 0215534000- 0215535000- 0215536000;;Accessoires pour mobi;Tensiomètre électroniques;description;100.00;oui
0220231001;;Accessoires pour welch allyn macroview™;Équipement du domicile;description;46.32;non
1040099101- 1040095081- 1040098081- 1040103081- 1040094071- 1040102061- 1040096061- 1040101091- 1040;;Aiguille bd eclipse;Aiguilles de sécurité & hypodermiques;photo;100.00;oui
1001220101-1001219051-1001211081-1001218081-1001210071- 1001209031- 1001208061-1001213061-1001204091;;Aiguille microlance ii;Aiguilles de sécurité & hypodermiques;photo;100.00;oui
022606600;;Ampoules heine;Équipement du domicile;photo + description;100.00;oui
0226048000- 0226049000;;Ampoules pour ri-scope® l;Équipement du domicile;description;27.20;non
OPT-WC-41640;41640;Analyseur de thrombelastographie TLT-101;Coagulation;photo;100.00;oui
OPT-WC-41635;41635;Analyseur optique de la coagulation;Coagulation;photo;100.00;oui
1202023000- 1202023001- 1202006000- 1202005000- 1202010000- 1202010001- 1202040000- 1202040001- 1202;;Aniosafe savon doux hf;Hygiène et protections des mains;photo;100.00;oui
2515060000 - 2515060020;;Appareil soutien partiel de la tête;Repos;description;18.00;non
OPT-WC-41292;41292;Aquarius 3;Automates Hématologie;photo;100.00;oui
OPT-WC-41860;41860;Autoclave de classe N, série STV-SL;Autoclaves & Stérilisateurs;photo;100.00;oui
1413014061;;BLOUSE VISITEUR;Hygiène & Protection;description;9.43;non
OPT-WC-41678;41678;Bain sec / Bloc chauffant, DBI-100IV / DBI-R100IV;Biochimie;photo;100.00;oui
OPT-WC-41701;41701;Bain sec / Bloc chauffant, DBI-100VI;Biologie Clinique;photo;100.00;oui
OPT-WC-41682;41682;Bain sec / Bloc chauffant, DBI-RS100II/DBI-S100II;Biologie Clinique;photo;100.00;oui
OPT-WC-41654;41654;Bain sec / Bloc chauffant, Série DBI-150II;Biologie moleculaire;photo;100.00;oui
OPT-WC-41663;41663;Bain sec / Chauffe-bloc, DBI-105II;Biologie Clinique;photo;100.00;oui
OPT-WC-41688;41688;Bain sec / Chauffe-bloc, DBI-R3000;Biologie Clinique;photo;100.00;oui
OPT-WC-41671;41671;Bain sec / Chauffe-bloc, Série DBI-160/130;Biologie Clinique;photo;100.00;oui
OPT-WC-41685;41685;Bain sec / Réchauffeur de blocs, DBI-100/R100;Biologie Clinique;photo;100.00;oui
OPT-WC-41660;41660;Bain sec numérique à LED / Bloc chauffant, DBI-6;Biologie Clinique;photo;100.00;oui
OPT-WC-41704;41704;Bain sec à agitation / Bloc chauffant, DBI-TCS1;Biologie Clinique;photo;100.00;oui
1302260060- 1302180060- 1302261060- 1302262300- 1302260240- 1302180240- 1302261240- 1302180030- 1302;;Bande adhésive leukotape® k;Équipement du domicile;photo;100.00;oui
1302740000- 1302737000- 1302742000- 1302741000- 1302738000- 1302743000- 1302758000- 1302758000- 1302;;Bande velpeau® veine plus;Équipement du domicile;photo;100.00;oui
0105001061- 0105002061- 0105003061- 0105004061- 0105005061- 0105006061- 0105007061- 0105008061- 0105;;Bistouri stérile à usage unique;Équipement du domicile;photo;100.00;oui
1502001000- 1502002000- 1502003000- 1502004000;;Boite à instruments aluminium anodisé;Pissettes;description;17.44;non
1502006060- 1502006080- 1502006180- 1502006070- 1502007060- 1502007180- 1502009060- 1502009180- 1502;;Boite à instruments aluminium anodisé couleur;Pissettes;photo + description;100.00;oui
1501001000- 1501014000- 1501018000- 1501420000- 1501019000- 1501004000;;Boite à instruments inox 18/10e;Pissettes;description;22.57;non
0215370000- 0215035000- 0215009000- 0215371000- 0215511000- 0215036000- 0215267000- 0215268000- 0215;;Brassard complet avec poche;Tensiomètre électroniques;photo + description;100.00;oui
0216104060;;Brassards pour and ua767s;Gamme Professionnelle;description;100.00;oui
0216141000- 0216140000;;Brassards pour tensiométre ri-champion® smartpro+;Tensiomètre électroniques;description;100.00;oui
1437100010- 1437101010- 1437102010- 1437103010- 1437104010- 1437105010- 1437106010- 1437107010- 1437;;Brassiére;Chemises malade & sous-vêtements;photo;100.00;oui
0611022010;;CACHE ŒIL CUILLÉRE JOLETI;Diagnostic & Secours;description;12.55;non
0611023010;;CACHE ŒIL FACE MAIN JOLETI;Diagnostic & Secours;description;12.55;non
0302072000;;CARDIOMATE PC-ECG;Équipement du domicile;description;100.00;oui
0112008001;;CISEAUX POINTU-POINTU;Instrumentation qualité service;description;14.40;non
1512144001;;COUVRE SONDE POUR THERMOMÉTRE TYMPANIQUE RI-THERMO® TYMPRO;Diagnostic & Secours;description;64.21;non
1512118001;;COUVRE SONDES POUR GENIUS III;Équipement du domicile;description;7.73;non
1512093001;;COUVRE SONDES POUR THERMOSCAN PRO 6000;Diagnostic & Secours;description;76.60;non
0232282000;;Capteur pour oxymétre de pouls pc-60n;Oxymètres de pouls;description;100.00;oui
1011201091- 1011202021- 1011203071- 1011204071- 1011205101- 1011206101- 1011207061- 1011208081- 1011;;Cathéter bd insyte™;Cathéters & pansements;photo;100.00;oui
1011221091 1011222021 1011224071 1011234071 1011227101 1011236101 1011228061 1011238061 1011229081 1;;Cathéter bd insyte™ autoguard;Cathéters & pansements;photo;100.00;oui
1011102021- 1011107061- 1011144071- 1011145071- 1011146101- 1011147061- 1011148081- 1011116101- 1011;;Cathéter surflo®;Cathéters & pansements;photo;100.00;oui
1011155081- 1011151101- 1011154101- 1011153061- 1011152081- 1011165081- 1011166081- 1011164101- 1011;;Cathéter versatus®;Cathéters & pansements;photo;100.00;oui
OPT-WC-41854;41854;Centrifugeuse réfrigérée à grande vitesse, CFGR-18.5J;Centrifugeuses;photo;100.00;oui
OPT-WC-41844;41844;Centrifugeuse à basse vitesse, CFG-550JP;Centrifugeuses;photo;100.00;oui
OPT-WC-41666;41666;Chauffe-bloc, DBI-100V/DBI-R100V;Biologie Clinique;photo;100.00;oui
2553472361- 2553472371- 2553472381- 2553472391- 2553472401- 2553472411- 2553472421- 2553472431- 2553;;Chaussures chut balad;Podologie;photo;100.00;oui
2553530361- 2553530371- 2553530381- 2553530391- 2553530401- 2553530411- 2553530421- 2553530431- 2553;;Chaussures chut balmor;Podologie;photo;100.00;oui
2553272361- 2553272371- 2553272381- 2553272391- 2553272401- 2553272411- 2553272421- 2553273361- 2553;;Chaussures chut mariet;Podologie;photo;100.00;oui
OPT-WC-37152;37152;Chevillère;Équipement du domicile;photo;100.00;oui
0102043000- 0102044000;;Ciseaux dauphin mousse-pointu joleti;Équipement du domicile;description;5.83;non
1503104080- 1503105080- 1503122080- 1503106080- 1503112080- 1503107080- 1503109080- 1503110080- 1503;;Collecteur sharpsafe®;Collecteurs de déchets;photo;100.00;oui
1304020011- 1304021011- 1304046001- 1304022011- 1304023011- 1304024011- 1304047001- 1304025011- 1304;;Compresse de gaze stérile gazin;Filets tubulaires & compresses;photo;100.00;oui
1312001011- 1312001012- 1312002011- 1312002012- 1312003011- 1312003012- 1312009011- 1312010011- 1312;;Compresse en non-tissé non stérile vliwasoft®;Filets tubulaires & compresses;photo;100.00;oui
1322050001- 1322051001- 1322064001- 1322065001- 1322066001- 1322067001- 1322070001- 1322072001- 1322;;Compresse en non-tissé stérile médicomp;Filets tubulaires & compresses;photo;100.00;oui
1322030002- 1322001011- 1322020011- 1322021011- 1322022011- 1322031001- 1322002011- 1322023011- 1322;;Compresse en non-tissé stérile vliwasoft;Filets tubulaires & compresses;photo;100.00;oui
OPT-WC-41764;41764;Congélateur cryogénique -150 ULF150-H130;Équipements divers;photo;100.00;oui
OPT-WC-41744;41744;Congélateur de laboratoire -40 LF40-940;Équipements divers;photo;100.00;oui
OPT-WC-41757;41757;Congélateur à ultra basse température -86 ℃ série ULF86;Équipements divers;photo;100.00;oui
OPT-WC-41749;41749;Congélateur à ultra basse température -86℃ série ULF86-E;Équipements divers;photo;100.00;oui
OPT-WC-41314;41314;Contrôle de l'hématologie contrôle du sang et calibrage;Biologie Clinique;photo;100.00;oui
OPT-WC-37118;37118;Coudière;Équipement du domicile;photo;100.00;oui
OPT-WC-41728;41728;Cryostat RMT-R300;Biologie Clinique;photo;100.00;oui
OPT-WC-37123;37123;Cuissière;Équipement du domicile;photo;100.00;oui
1501061000;;Cupule inox avec bec fond plat;Pissettes;description;100.00;oui
0117020000- 0117021000- 0117022000- 0117023000- 0117024000- 0117025000- 0117026000;;Curette fine fenàtrée joleti;Équipement du domicile;description;11.52;non
0117013000- 0117014000- 0117015000- 0117016000- 0117017000- 0117018000- 0117019000;;Curette fine pleine joleti;Équipement du domicile;description;10.80;non
1822076010- 1822077010- 1822078010- 1822076060- 1822077060- 1822078060- 1822076020- 1822077020- 1822;;Drap housse ice;Linge de maison;photo;100.00;oui
1822030010- 1822031010- 1822032010- 1822030060- 1822031060- 1822032060- 1822030020- 1822031020- 1822;;Drap housse standard;Linge de maison;photo;100.00;oui
OPT-WC-41693;41693;Extracteur automatique d'acide nucléique, NAE-32P;Biologie Clinique;photo;100.00;oui
OPT-WC-37158;37158;Fauteil de Repos (emballé à plat);Équipement du domicile;photo;100.00;oui
1306201064- 1306217064- 1306202064- 1306203064- 1306207064- 1306223064- 1306204064- 1306208064- 1306;;Fermeture cutanée filapeau®;Équipement du domicile;photo;100.00;oui
1306201061- 1306217061- 1306218061- 1306202061- 1306219061- 1306203061- 1306207061- 1306221061- 1306;;Fermeture cutanée filapeau®;Sets de suture, agrafeuses & ôtes-agraphes;photo;100.00;oui
1305040010- 1305041010- 1305042010- 1305043010- 1305044010- 1305105010- 1305106010- 1305107010- 1305;;Filet tubulaire tg® fix;Filets tubulaires & compresses;photo;100.00;oui
OPT-WC-41620;41620;Finecare™ FIA Meter III Plus;Immunologie;photo;100.00;oui
OPT-WC-41630;41630;Finecare™ FIA Meter Plus;Immunologie;photo;100.00;oui
OPT-WC-41625;41625;Finecare™ FIA Meter Ⅱ Plus SE;Immunologie;photo;100.00;oui
1106058001;;GANTS NITRILE RESTORE SENS®;Gants d'examen et de chirurgie;description;16.92;non
1506001220;;GARROT PLAT EN LATEX;Garrots;description;1.28;non
OPT-WC-37128;37128;Genouillère;Équipement du domicile;photo;100.00;oui
1501079000- 1501083000- 1501084000;;Haricot inox 18/10e;Pissettes;description;6.65;non
0105061001- 0105062001- 0105063001- 0105064001- 0105065001- 0105066001- 0105067001- 0105068001- 0105;;Lame de bistouri;Équipement du domicile;photo;100.00;oui
0105021001- 0105033001- 0105022001- 0105023001- 0105024001- 0105025001- 0105026001- 0105027001- 0105;;Lame de bistouri;Équipement du domicile;photo;100.00;oui
0104001000;;MARTEAU DE BABINSKI JOLETI;Instrumentation qualité service;description;7.51;non
1409012011;;MASQUE RESPIRATOIRE FFP2 3M™(11);Hygiène & Protection;photo;49.91;non
0201017030- 0201017100- 0201017060- 0201016060- 0201016020- 0201016030- 0201016090- 0201016100- 0201;;Magister®;Équipement du domicile;photo;100.00;oui
0115011000- 0115010000;;Marqueur dermographique*;Équipement du domicile;description;1.99;non
OPT-WC-41840;41840;Microcentrifugeuse, CFG-Mini7E;Centrifugeuses;photo;100.00;oui
OPT-WC-41800;41800;Microscope biologique MSC-B102T(Siedentopf);Microscopes;photo;100.00;oui
OPT-WC-41795;41795;Microscope biologique, MSC-B200E;Microscopes;photo;100.00;oui
OPT-WC-41814;41814;Microscope biologique, MSC-B201;Microscopes;photo;100.00;oui
OPT-WC-41835;41835;Microscope biologique, MSC-B208(Siedentopf);Microscopes;photo;100.00;oui
OPT-WC-41818;41818;Microscope composé, MSC-B203T;Microscopes;photo;100.00;oui
OPT-WC-41806;41806;Microscope d'enseignement, MSC-T0;Microscopes;photo;100.00;oui
OPT-WC-41810;41810;Microscope numérique / Microscope vidéo, MSC-V103;Microscopes;photo;100.00;oui
OPT-WC-41828;41828;Microscope stéréo (microscope à dissection), MSC-ST45;Microscopes;photo;100.00;oui
OPT-WC-41786;41786;Microscope stéréo (microscope à dissection), MSC-ST45T;Microscopes;photo;100.00;oui
OPT-WC-41825;41825;Microscope à fluorescence, MSC-F201T(Siedentopf);Microscopes;photo;100.00;oui
OPT-WC-41725;41725;Microtome rotatif manuel RMT-M250;Biologie Clinique;photo;100.00;oui
OPT-WC-41714;41714;Microtome rotatif semi-automatique RMT-SA390;Biologie Clinique;photo;100.00;oui
OPT-WC-41717;41717;Microtome rotatif, RMT-202;Biologie Clinique;photo;100.00;oui
OPT-WC-41847;41847;Mini-centrifugeuse, haute vitesse, CFG-Mini15D;Centrifugeuses;photo;100.00;oui
OPT-WC-37133;37133;Molletière;Équipement du domicile;photo;100.00;oui
OPT-WC-37166;37166;Oreiller en mousse à mémoire de forme avec gel rafraîchissant 30x50cm;Équipement du domicile;photo;100.00;oui
1507017090;;POIRE DE POLITZER;Instrumentation, Injection;description;17.83;non
1507016090;;POIRE ENEMA;Instrumentation, Injection;description;7.99;non
1503084010;;POT À EAU;Équipement du domicile;description;4.79;non
0101211000;;PRÉCELLE AVEC LOUPE;Instrumentation qualité service;description;4.86;non
1307060001- 1307064001- 1307061001- 1307065001- 1307066000- 1307075001- 1307076001- 1307077001- 1307;;Pansement adhésif hydrofilm®;Équipement du domicile;photo;100.00;oui
1309730001- 1309731001- 1309732001- 1309733001- 1309654001- 1309655001- 1309656001- 1309657001- 1309;;Pansement adhésif post-opératoire cosmopor® e;Équipement du domicile;photo;100.00;oui
1309690001- 1309691001- 1309692001- 1309693001- 1309694001- 1309700001- 1309695001- 1309696001- 1309;;Pansement hydrocoll®;Équipement du domicile;photo;100.00;oui
1309040001;;Pansement optiskin®;Équipement du domicile;description;100.00;oui
1309545001- 1309542001- 1309541001- 1309546001- 1309543001- 1309548001- 1309544001- 1309547001- 1309;;Pansement stérile 3m™ tegaderm™ film;Équipement du domicile;photo;100.00;oui
1309081011- 1309082011- 1309083011- 1309085011- 1309086011- 1309087011- 1309070011- 1309071011- 1309;;Pansement zetuvit® e;Équipement du domicile;photo;100.00;oui
OPT-WC-41299;41299;Pictus 500;Automates;photo;100.00;oui
OPT-WC-41304;41304;Pictus 700;Automates;photo;100.00;oui
0230200001- 0230201001;;Pile alcaline clinical;Équipement du domicile;description;3.24;non
0230035000;;Pile auditive renata;Équipement du domicile;description;100.00;oui
0111002073;;Pince anatomique;Instrumentation pour usage unique & qualité bloc;description;100.00;oui
0111100062;;Pince anatomique joleti;Instrumentation pour usage unique & qualité bloc;description;100.00;oui
0101164000- 0101165000;;Pince de hartmann striée à glissement joleti;Équipement du domicile;description;24.90;non
0111101002;;Pince kocher joleti;Instrumentation pour usage unique & qualité bloc;description;100.00;oui
0101010000- 0101011000- 0101001000- 0101003000;;Pince à disséquer joleti;Équipement du domicile;description;4.10;non
1503040010- 1503041010- 1503042010;;Pissette en plastique;Pissettes;description;4.21;non
OPT-WC-41632;41632;Plate-forme de gaz du sang;Biochimie;photo;100.00;oui
1502030020- 1502030060- 1502030180- 1502030070- 1502030080- 1502030310;;Plateau aluminium;Pissettes;description;100.00;oui
1501026000;;Plateau inox 18/10e;Pissettes;description;100.00;oui
OPT-WC-41720;41720;Processeur de tissus automatisé miniature TSP-1;Biologie Clinique;photo;100.00;oui
TEST-SKU-001;;Produit de test Playwright;;photo + description;42.50;non
OPT-WC-41305;41305;Réactif d'hématologie Diatron;Biologie Clinique;photo;100.00;oui
OPT-WC-41777;41777;Réfrigérateur de pharmacie 2-8/réfrigérateur médical à double porte, PR5-660;Équipements divers;photo;100.00;oui
OPT-WC-41773;41773;Réfrigérateur médical 2-8℃/pharmaceutique/vaccin à porte unique, PR5-100;Équipements divers;photo;100.00;oui
OPT-WC-41769;41769;Réfrigérateur à porte unique pour pharmacie et vaccins médicaux, PR5-25;Équipements divers;photo;100.00;oui
OPT-WC-41783;41783;Réfrigérateur à trois portes pour pharmacie/réfrigérateur médical/vaccin, PR5-1500;Équipements divers;photo;100.00;oui
0103042000;;SPÉCULUM DE VACHER JOLETI;Instrumentation qualité service;description;16.55;non
OPT-WC-41710;41710;Scanner numérique de lames de pathologie PSS-D5P;Biologie Clinique;photo;100.00;oui
1309515011-1309516011- 1309500011- 1309501011- 1309504241- 1309502011- 1309503011- 1309506011- 13095;;Sparadrap 3m™ micropore™(14) pour rouleau;Sparadrap;photo;100.00;oui
0220213021;;Spéculums auriculaires à usage unique joleti;Équipement du domicile;description;100.00;oui
022003003;;Spéculums heine;Équipement du domicile;photo + description;100.00;oui
0106001000- 0106008000;;Stylet olivaire double joleti;Équipement du domicile;description;2.88;non
OPT-WC-41857;41857;Stérilisateur à air chaud, DOF-HAS70A;Autoclaves & Stérilisateurs;photo;100.00;oui
1325079001- 1325081001- 1325080001- 1325082001- 1325083001- 1325084001- 1325085001- 1325075001- 1325;;Suprasorb® p sensitive;Sparadrap;photo;100.00;oui
OPT-WC-41643;41643;Système PCR en temps réel série PCR-Q32;Biologie Clinique;photo;100.00;oui
OPT-WC-41696;41696;Système PCR en temps réel, PCR-Q88-4;Biologie Clinique;photo;100.00;oui
OPT-WC-41650;41650;Système PCR en temps réel, série PCR-Q9;Biologie Clinique;photo;100.00;oui
0611006010;;TEST ENFANT JOLETI;Diagnostic & Secours;description;19.60;non
1605380000;;Telecommande Fauteuil BERGEN;Équipement du domicile;description;41.15;non
0611002010;;Test monoyer joleti;Échelles de lecture;description;100.00;oui
0117096000- 0117097000;;Tire-comédon joleti;Équipement du domicile;description;9.50;non
1037042071 - 1037041071 - 1037043061 - 1015218071 - 1015219061 - 1015221091 - 1037004071 - 103700507;;Unite prélévement sécurité bd vacutainer® safety-lok™;Prélèvement;photo;100.00;oui
2103480001- 2103481001- 2103482001- 2103483001- 2103484001- 2103485001- 2103486001- 2103487001- 2103;;Électrostimulateur périnéal innovo® version shorty;Électrothérapie;photo;100.00;oui
2118002190- 2118002180- 2118002340- 2118002080;;Œuf à malaxer eggsercizer;Équipement du domicile;description;14.26;non
